SNo.,Website Title,Website link,Main heading,First heading,Description,Services Provided,Country of Origin,Category,Category rank,Country rank,Global rank,Monthly Visitors,Average Time Spent,Bounce Rate,Services Description,Founders quote,User Reviews
1,Online Reputation Management Company | WebiMax,https://www.webimax.com/,Rule the Web!,Rule the Web!,"Award-winning marketing services since 2008! As other companies come and go, WebiMax consistently delivers the best Return on Ad Spend. Start getting results today!","['Customized Strategy', 'Best Value', 'Unmatched Results', 'Trusted Confidentiality', 'Experience and Innovation', 'Top Notch Service']",United States,Business And Consumer Services,"2,235","835,940","2,093,166",32.6k,1 min 15 secs,59.19%,"['We complete a full analysis of your reputation and create a custom strategy to achieve maximum results with minimal costs.', 'Our experts use the most cost-effective techniques to bury negative content & promote positive content, providing you with fast and budget friendly results!', 'Our proven results have been acknowledged and ranked #1 by independent reviewers like Business.com.', 'Trust that your reputation is safe with our team. We work under a non-disclosure agreement and ensure all work is confidential and discreet.', ""There is no room for stagnation when it comes to your Reputation. WebiMax continuously evolves to match Google's algorithm changes. We specialize in crisis management and positive branding!"", 'Our pledge is to help you succeed! We partner with our clients to build a positive online reputation. We offer regular communication and a dedicated project manager.']","As in any business, there are times when our clients require additional expertise to help them solve a complex problem or may want to discuss an issue or concern. My pledge to our clients is that I will always make myself available to you. Whether it’s to develop a complex strategy for your campaign or to provide resolution for your concerns, I want to be the one to help. Feel free to reach me at any time at kwisnefski@webimax.com or on my direct office line at 856-840-8320. I will also be providing my cell phone number to anyone that is a client of WebiMax. - Ken Wisnefski, Founder",
2,NetReputation: Expert Reputation Management | #1 Ranked ORM,https://www.netreputation.com/,Control Your Reputation,The #1 Rated Online Reputation Management Agency,Rated the Best Global Online Reputation Management company in 2021 & 2022 by Newsweek.com and NeilPatel.com,"['Reputation Management', 'Content Removal', 'Review Management', 'Crisis Management', 'Reputation Monitoring', 'Personal Information Removal', 'Branding', 'Wikipedia Creation']",United States,Business And Consumer Services,"5,601","568,313","2,342,025",44.2k,1 min 4 secs,74.52%,"['Control the digital narrative, improve online visibility, and build trust with reputation management solutions designed for businesses of all sizes.', 'Remove harmful content and information that has the potential to damage your hard-earned online reputation.', 'Earn more positive reviews and improve trust in your brand while removing those that interfere with your business reputation with cutting-edge review management solutions. ', 'Identify current and emerging threats, streamline communications, and recover quickly with customized crisis management solutions. ', 'Develop a visible, authoritative, and influential brand with comprehensive business branding services. ', 'Spot problems before they can harm your business prospects with proactive 24/7 business reputation monitoring solutions designed for your needs.', 'Build, improve, and protect a positive personal reputation with reputation management services designed expressly for individuals, including professionals, celebrities, and more.', 'Protect and restore your reputation with content removal services designed to target negative information, images, and social media content.', 'Take a proactive approach toward protecting your individual reputation with monitoring services that identify threats before they can cause damage.', 'Stop data brokers and cybercriminals in their tracks with personal information removal strategies that protect your internet privacy and security.', 'Enhance your online reputation, boost visibility, and gain recognition in your field with a Wikipedia page created for your specific needs.', 'Put a spotlight on your achievements, values, and digital reputation with customized branding solutions designed just for individuals.']",,"['Marie,', 'May 21', 'The team was extremely responsive to our needs throughout our campaign. Cheryle, Nathan & all behind the scenes answered our questions & addressed our concerns quickly & thoughtfully. We were impressed with the amount of content that was created to help suppress any negative posting. We felt it was a true team approach with  genuine concern every step along the way. Highly recommend NetReputation!', 'Read more', 'customer,', 'July 9', 'Good Service', 'Reply from NetReputation', 'July 10', 'Read more', 'Ty Cannon,', 'May 27', 'My Android Phone is being a little out of control begging me to get all anti virus apps and it must be fixed and stop before I lose the Phone Power and goes permanently off.', 'Read more', 'Joseph Olzacki,', 'April 19', 'Attempts to discredit my career brought me to feel I had no where to go to combat continuous maliciousness on the internet. I had over 25 years of award winning programs then craziness set in. From my first meeting with NetReputation, the whole team listened, did their research, displayed great skill, used direct communication and with great integrity, provided a true narrative to my work and my passions. They fought for me on the net, which took a great deal of stress away. This company is of the highest caliber and one that takes every client, every case as their own. NetReputation is definitely one of the good guys. I highly recommend their work and their company. Top notch.', 'Reply from NetReputation', 'April 22', 'Read more', 'Roberts Walton,', 'January 21', 'Net Reputation has a great customer service team and they really care about the specifics of your business and how to assist you.', 'Read more', 'Bajnath, Rishi,', 'March 3', 'Trey and Hannah took my request to move a false information and kept me in touch every step of the way.  They reply to emails very fast.  I am valued as a customer. I wish more companies would be like that', 'Reply from NetReputation', 'March 14', 'Read more', 'Sarah Piazza,', 'July 7', 'High integrity company.  Very professional.  I highly recommend Net Reputation.', 'Reply from NetReputation', 'July 10', 'Read more', 'Pawnee Leasing,', 'May 7', 'Their team is very professional, responsive, and very easy to work with.  They achieved the goals that were outlined in their proposal, and did not over promise and under deliver.', 'Reply from NetReputation', 'May 22', 'Read more', 'David Bradley,', 'January 31', 'A certain someone created fake web pages of me online and it’s been very hard to have them taken down. Using NetRep I’ve been able to suppress those pages and ensure that my credible, real web pages are the ones that show up for searches.', 'Read more', 'Terry Martin,', 'January 18', 'Having the help from Net Reputation to get my business easier to search and one of the first to come up was my main goal and they made it happen.  Your vision becomes their goal to make it happen for you!', 'Read more', 'David B.,', 'March 1', 'Great company. High recommend!', 'Reply from NetReputation', 'March 14', 'Read more', 'Chiu Duong,', 'June 17', ""I'm like to ask how can I get back to normal life with my family and why want me to teaching covid I'm don't have car to go every time I'm checking too far away nothing is closed my location"", 'Reply from NetReputation', 'June 17', 'Read more', 'Dan Branthoover,', 'April 30', 'Bryan was amazingly responsive and fantastic to work with.  They dealt with my issue quickly and professionally.  Cannot recommend enough.', 'Reply from NetReputation', 'May 12', 'Read more', 'Jesse Henderson,', 'January 30', 'NetRep has been easy to work with and very helpful. They have given us great tips and advice for promoting our information and playing into trends that can bring more eyes to our website. They have a very interesting skill set and I’m excited to see where it takes us.', 'Read more', 'John Palmer,', 'January 1', 'Regarding our various goods and services, we absolutely knew we had customers out there but reaching them was an entirely different story. When we went to Net Reputation, they also realised this and they promised to deliver, which they did. What an awesome group of people.', 'Read more', 'Leighann Silva,', 'July 20', 'NetReputation was extremely helpful and very professional. They thoroughly explained the process to me, and was able to meet all of my expectations. I Highly recommend them.', 'Read more', ""Bruggemeyer's Osteopathic Practice,"", 'May 29', 'Excellent service throughout, very professional and helpful. I would thoroughly recommend them to anyone defending their reputation on the internet.', 'Read more', 'AK,', 'April 25', 'Experience was great they did exactly what they said they could in the time frame they said.', 'Reply from NetReputation', 'April 25', 'Read more', 'Phillip Nelson,', 'January 21', ""Very satisfied with Net Rep's help with increasing our online traffic and the positive results that have occurred."", 'Read more', 'customer,', 'December 6', 'Net Rep has been managing my online reputation for years now and I dare say they do a better job of it than I could ever hope to.', 'Read more']"
3,Podium | Tools to Help Local Businesses Win,https://podium.com/,tool to grow your local business,TheReviewPhonesWebsite ChatMessagingText MarketingPayment,"Manage all of your communication—from reviews to calls to text marketing, payments, and more—with Podium.","['Get more reviews', 'Convert customers', 'Communicate faster', 'Increase revenue']",United States,Catergory And Consumer Services,29,"2,242","10,677",4.5M,8 mins 11 secs,30.12%,"['“We had 28 Google reviews…And now we’re over 600. And it’s easy for the staff.”', ""“I'm getting 10x more website leads using Podium's Webchat.“"", '“We respond to texts, social posts, and emails from customers in 10 minutes.“', ""“In the last 12 months, we've generated $130,000 in revenue through the tool.“""]","['“When you adopt the right technology, it can be a great equalizer. It can enable small businesses to win.”']",Null
4,Grade.us - the review management platform for marketing agencies,https://www.grade.us/home/,The review management platform for marketing agencies,,We’ll save you so much time by gathering your reviews in one place.,"['automation', 'integration', 'Review management', 'Generate reviews', 'Reporting and Analytics', 'Listings management']",United States,Business And Consumer Services,664,"208,491","1,012,103",77.5K,1 min 12 secs,70.07%,,,
5,Yotpo | eCommerce Retention Marketing Platform,https://www.yotpo.com/,The building blocks to create ,  Turn one-time shoppers into  customers for life   ,"Our reviews, SMS and email, loyalty and referrals, and subscriptions products spark engagement and increase retention — all in one place.","['SMS', 'Reviews', 'Loyalty and Referral', 'Subscriptions', 'Emails', 'Visual UGC']",United States,Business And Consumer Services,68,5.269,"17,616",3.7M,1 min 15 sec,40.75%,"['Drive sales and make instant connections through text messages customers actually read.', 'Increase conversion by showcasing your customers’ authentic reviews.', 'Motivate customers with rewards and turn them into brand advocates.', 'Boost recurring revenue by offering convenience at the click of a button.', 'Create personalized email experiences that drive sales and boost customer lifetime value.', 'Create an emotional connection with real-life photos and videos.']","['“It was a no-brainer to switch to an innovative provider like Yotpo, whose agile, single-platform approach improves our ability to provide a unified customer experience, not just for Steve Madden but across all our brands.”']",
6,Online Review Monitoring and Management Tool - ReviewPush,https://www.reviewpush.com/,We make online review management easy. ,We make online review management easy.,'Don't miss another review. ReviewPush collects all your online reviews in one place.,"['MULTI-SITE MONITORING', 'EMAIL ALERTS', 'RESPONSE OPTIONS', 'UNLIMITED LOCATIONS', 'STORE-BY-STORE RANKINGS', 'MULTI-STORE REVIEW REQUEST', 'MULTI-LEVEL DASHBOARDS', 'MULTI-LEVEL REPORTING', 'MISSING PROFILE ALERTS']",United States,Business And Consumer Services,10635,"1,443,287","5,124,420",9.9K,2 min 4 secs,82.13%,"['We monitor the following review sites on a daily basis for new reviews: Google, Facebook, Foursquare, YellowPages and more.', 'When your business receives a new review, we will notify you via email.', 'Within your e-mail alerts you’ll have the option to respond to your online reviews.\n', 'Whether your business has 10 locations or 10,000 locations, our custom dashboard make it easy to manage your online reviews.', 'Compare how your stores rank against each other with our custom ranking system.', 'Generate more positive reviews for all of your stores by utilizing our review request tool.\n', 'You can provide dashboard access to your team at the corporate, regional, district, or store level.\n', 'We can deliver automatic reports at the corporate, region, district, or store level.', 'We help you determine which local review profiles you’re missing across the web.', 'Improve online reputation', 'Get found online', 'Engage on digital channels', 'Engage website visitors', 'Post, engage, and report', 'Book and confirm digitally', 'Get paid faster', 'Improve experience', 'Actionable insights with AI', 'Grow sales with referrals']","['“ReviewPush offers a simple and effective solution for all-in-one online review management. What makes them unique is their impeccable customer service. True problem solvers, they are an awesome and caring partner and an extension of our team. Working with them makes our jobs easier.”']",
7,Leading Review Management & Messaging Platform for Local Businesses | Birdeye,https://birdeye.com/,Get Birdeye. Get Growing.,Get Birdeye. Get Growing.,"Birdeye integrates with over 3,000 software systems to make it easy to automatically get new reviews, be found online, message all customers and increase revenue.","['Listings', 'Reviews', 'Social', 'Surveys', 'Ticketing', 'Campaigns', 'Inbox', 'Reports', 'Insights', 'Competitors']",United States,Business And Consumer Services,75,"5,588","28,118",2.9M,1 min 29 sec,70.36%,"['We monitor the following review sites on a daily basis for new reviews: Google, Facebook, Foursquare, YellowPages and more.', 'When your business receives a new review, we will notify you via email.', 'Within your e-mail alerts you’ll have the option to respond to your online reviews.\n', 'Whether your business has 10 locations or 10,000 locations, our custom dashboard make it easy to manage your online reviews.', 'Compare how your stores rank against each other with our custom ranking system.', 'Generate more positive reviews for all of your stores by utilizing our review request tool.\n', 'You can provide dashboard access to your team at the corporate, regional, district, or store level.\n', 'We can deliver automatic reports at the corporate, region, district, or store level.', 'We help you determine which local review profiles you’re missing across the web.', 'Improve online reputation', 'Get found online', 'Engage on digital channels', 'Engage website visitors', 'Post, engage, and report', 'Book and confirm digitally', 'Get paid faster', 'Improve experience', 'Actionable insights with AI', 'Grow sales with referrals']","<blockquote class=""testimony"">“Birdeye has allowed us to increase our number of reviews by nearly 200% YoY, which has greatly contributed to brand lift and recall.”</blockquote>","['With Birdeye, we’ve increased  our number of reviews by nearly 200% YoY, which has greatly contributed to brand lift and recall.', 'Birdeye gives our company instant credibility and makes getting reviews easier. We’ve seen an increase in customers contacting us directly from online, which gets our foot in the door. Birdeye also helps us build trust with customers, which is invaluable.', ""Birdeye brings the cacophony of 50+ location directory listing and reputation management down to a harmonious blend through a single, intuitive platform. Birdeye's solution has given me the perspective I need to effectively manage our expansive footprint."", 'Our online reviews have increased exponentially! As a result, we’re getting more business because we know our potential customers make buying decisions based on current customer reviews. It’s a cycle — and it works!', 'We’ve dramatically improved our online reputation. We have a direct connection to our customers that we’ve never had before — and with that, we’ve improved customer retention and customer experience.', ""I’ve loved watching our reputation transform from dismal to extremely healthy. Birdeye has one of the easiest platforms and teams to work with and has outperformed the others we've tried. This is a big deal!"", 'Birdeye makes it easy to give your customers a number of different ways to reach you. They’ve been an integral part of us reducing our customer cancellations by over 50% this year.', 'From diner manager to regional vice president, every person using Birdeye can filter and fine-tune the platform to make it work best for them.', 'We are laser-focused on the patient experience from the top down. With Birdeye, we’re able to get a detailed look at our patients, our successes, and areas where we could improve.', 'Birdeye saves us time, improves our hospitality efforts, and helps us be strategic. The platform allows us to keep all of our attention on the guest experience, not on technology.', 'Birdeye has revolutionized the way we engage customers and promote positive user-generated content online.', 'Patients always tell us how great we are. Now our patients can tell everyone else. Easy to use, set up and Birdeye maintains it.', 'You spend your time turning clients into evangelists, and then Birdeye will give them a platform to evangelize to the masses. It’s a perfect system. Everybody wins.']"
8,Reputation Management & Online Privacy | BrandYourself.com,https://brandyourself.com/,Improve your online reputation.Protect your online privacy.,Improve your online reputation.Protect your online privacy.,We make it easy to control your online reputation and privacy.,"['Negative Google result services', 'Review management services', 'Glassdoor review management', 'Employee branding services']",United States,Business And Consumer Services,1066,"79,348","272,577",143.3K,2 min 37 sec,49.90%,"['Impress everyone who Googles you.Get rid any unflattering search results. ', 'Remove unprofessional posts and images before they impact your life and career.', 'Remove your home address, date of birth, phone, and other data from the web. ', 'Build an online presence that reflects your accomplishments and boosts your career.']","We started BrandYourself out of personal necessity. When employers Googled our co-founder Pete, they found... CRIMINALS","['\nBrandYourself is much needed, because when people come to work for me we look them up.\nDaymond John\n', '\nBrandYourself is the digital version of combing your hair before an interview.\nNational Public Radio\n', '\nWonder who might be Googling you? BrandYourself can help you find out where, when and how others are searching for you.\nCNBC\n', '\nBrandYourself is sophisticated, elegant and user-friendly. I used it to to improve my search presence.\nCBS News\n', '\nEverybody should check out BrandYourself. It helps makes sure the first thing that someone sees when they Google you is a good thing.\nFox News\n', '\nBrandYourself works. It provides tactics and tools to increase or reduce the visibility of your Google results.\nHuffington Post\n', ""\nI used BrandYourself to raise my patient's reviews higher in Google. Now more people are finding my website and joining my practice.\nDr. David G., Doctor\n"", '\nI have a very common name, which makes competition for Google rankings fierce. With BrandYourself, I now own my top 3 results.\nBrad H., Investor\n', ""\nBefore BrandYourself, my photography work didn't show up in Google. After BrandYourself, business has increased by 300%.\nJason G., photographer\n"", '\nFor the first time in 5 years, there’s nothing misleading about me on the 1st page of Google. You cannot imagine what a relief that is.\nSarah M.\n', '\nMy acting work now pops up when agents/directors search my name. And I get alerts that let me know where inquiries come from!\nAlfretz C., Actor\n', '\nUsing BrandYourself my personal website jumped from nowhere to my #1 Google result. Nice.\nJames W., Speaker\n']"
9,Internet Reputation Management - InternetReputation.com,https://www.internetreputation.com/,Internet Reputation Management Experts,Internet Reputation Management Experts,Top Rated Internet Reputation Solutions For Individuals - Personal Branding,"['Reputation Management', 'Personal Branding', 'Privacy Protection', 'DIY Reputation Dashboard']",United States,Business And Consumer Services,2777,"1,737,395","5,222,330",23.6K,11 secs,83.18%,"['We can make you look great on the internet. Removing the bad, adding the good. Never worry about your reputation online again.\n                        ', 'Take control of your online image with our proven internet reputation defense techniques.', 'Stand out from the masses with online presence that showcases your personal and professional success.', 'Protect your private information from identity thieves and prying eyes.', 'Consolidate, monitor and manage more than domains from one centralized location.']",,"[""5 out of five star rating on TrustpilotGreat Team of Experts!!The team was extremely responsive to our needs throughout our campaign. Cheryle...Marie,May 215 out of five star rating on TrustpilotTrey and Hannah took my request to move…Trey and Hannah took my request to move a false information and kept me in touch...Bajnath, Rishi,March 35 out of five star rating on TrustpilotGreat companyGreat company. High recommend!David B.,March 15 out of five star rating on TrustpilotExtremely HelpfulNetReputation was extremely helpful and very professional. They thoroughly expla...Leighann Silva,July 205 out of five star rating on TrustpilotVerified reviewLearn more about review typesVerifiedGood ServiceGood Servicecustomer,July 95 out of five star rating on TrustpilotHigh integrity companyHigh integrity company.  Very professional.  I highly recommend Net Reputation.Sarah Piazza,July 75 out of five star rating on TrustpilotI'm like to ask how can I get back to…I'm like to ask how can I get back to normal life with my family and why want me...Chiu Duong,June 175 out of five star rating on TrustpilotExcellent service throughoutExcellent service throughout, very professional and helpful. I would thoroughly...Bruggemeyer's Osteopathic Practice,May 295 out of five star rating on TrustpilotRedirected reviewLearn more about review typesRedirectedAndroid Phone HealthMy Android Phone is being a little out of control begging me to get all anti vir...Ty Cannon,May 275 out of five star rating on TrustpilotTheir team is very professionalTheir team is very professional, responsive, and very easy to work with.  They a...Pawnee Leasing,May 75 out of five star rating on TrustpilotAmazingly unprofessionalBryan was amazingly responsive and fantastic to work with.  They dealt with my i...Dan Branthoover,April 305 out of five star rating on TrustpilotExperience was great they did exactly…Experience was great they did exactly what they said they could in the time fram...AK,April 255 out of five star rating on TrustpilotI felt I had no place to turn, then I found NetReputation - knights in shining armor.Attempts to discredit my career brought me to feel I had no where to go to comba...Joseph Olzacki,April 195 out of five star rating on TrustpilotVerified reviewLearn more about review typesVerifiedA certain someone created fake web…A certain someone created fake web pages of me online and it’s been very hard to...David Bradley,January 315 out of five star rating on TrustpilotVerified reviewLearn more about review typesVerifiedEasy to work withNetRep has been easy to work with and very helpful. They have given us great tip...Jesse Henderson,January 30"", '5 out of five star rating on TrustpilotGreat Team of Experts!!The team was extremely responsive to our needs throughout our campaign. Cheryle...Marie,May 21', '5 out of five star rating on Trustpilot', '5 out of five star rating on Trustpilot', '5 out of five star rating on Trustpilot', '5 out of five star rating on Trustpilot', '5 out of five star rating on Trustpilot', 'Great Team of Experts!!', 'The team was extremely responsive to our needs throughout our campaign. Cheryle...', 'Marie,May 21', 'Marie,', 'May 21', '5 out of five star rating on TrustpilotTrey and Hannah took my request to move…Trey and Hannah took my request to move a false information and kept me in touch...Bajnath, Rishi,March 3', '5 out of five star rating on Trustpilot', '5 out of five star rating on Trustpilot', '5 out of five star rating on Trustpilot', '5 out of five star rating on Trustpilot', '5 out of five star rating on Trustpilot', 'Trey and Hannah took my request to move…', 'Trey and Hannah took my request to move a false information and kept me in touch...', 'Bajnath, Rishi,March 3', 'Bajnath, Rishi,', 'March 3', '5 out of five star rating on TrustpilotGreat companyGreat company. High recommend!David B.,March 1', '5 out of five star rating on Trustpilot', '5 out of five star rating on Trustpilot', '5 out of five star rating on Trustpilot', '5 out of five star rating on Trustpilot', '5 out of five star rating on Trustpilot', 'Great company', 'Great company. High recommend!', 'David B.,March 1', 'David B.,', 'March 1', '5 out of five star rating on TrustpilotExtremely HelpfulNetReputation was extremely helpful and very professional. They thoroughly expla...Leighann Silva,July 20', '5 out of five star rating on Trustpilot', '5 out of five star rating on Trustpilot', '5 out of five star rating on Trustpilot', '5 out of five star rating on Trustpilot', '5 out of five star rating on Trustpilot', 'Extremely Helpful', 'NetReputation was extremely helpful and very professional. They thoroughly expla...', 'Leighann Silva,July 20', 'Leighann Silva,', 'July 20', '5 out of five star rating on TrustpilotVerified reviewLearn more about review typesVerifiedGood ServiceGood Servicecustomer,July 9', '5 out of five star rating on TrustpilotVerified reviewLearn more about review typesVerified', '5 out of five star rating on Trustpilot', '5 out of five star rating on Trustpilot', '5 out of five star rating on Trustpilot', '5 out of five star rating on Trustpilot', 'Verified reviewLearn more about review typesVerified', 'Verified reviewLearn more about review typesVerified', 'Verified reviewLearn more about review typesVerified', 'Verified reviewLearn more about review types', '', '', 'Verified reviewLearn more about review types', '', 'Verified review', 'Learn more about review types', 'Verified', 'Good Service', 'Good Service', 'customer,July 9', 'customer,', 'July 9', '5 out of five star rating on TrustpilotHigh integrity companyHigh integrity company.  Very professional.  I highly recommend Net Reputation.Sarah Piazza,July 7', '5 out of five star rating on Trustpilot', '5 out of five star rating on Trustpilot', '5 out of five star rating on Trustpilot', '5 out of five star rating on Trustpilot', '5 out of five star rating on Trustpilot', 'High integrity company', 'High integrity company.  Very professional.  I highly recommend Net Reputation.', 'Sarah Piazza,July 7', 'Sarah Piazza,', 'July 7', ""5 out of five star rating on TrustpilotI'm like to ask how can I get back to…I'm like to ask how can I get back to normal life with my family and why want me...Chiu Duong,June 17"", '5 out of five star rating on Trustpilot', '5 out of five star rating on Trustpilot', '5 out of five star rating on Trustpilot', '5 out of five star rating on Trustpilot', '5 out of five star rating on Trustpilot', ""I'm like to ask how can I get back to…"", ""I'm like to ask how can I get back to normal life with my family and why want me..."", 'Chiu Duong,June 17', 'Chiu Duong,', 'June 17', ""5 out of five star rating on TrustpilotExcellent service throughoutExcellent service throughout, very professional and helpful. I would thoroughly...Bruggemeyer's Osteopathic Practice,May 29"", '5 out of five star rating on Trustpilot', '5 out of five star rating on Trustpilot', '5 out of five star rating on Trustpilot', '5 out of five star rating on Trustpilot', '5 out of five star rating on Trustpilot', 'Excellent service throughout', 'Excellent service throughout, very professional and helpful. I would thoroughly...', ""Bruggemeyer's Osteopathic Practice,May 29"", ""Bruggemeyer's Osteopathic Practice,"", 'May 29', '5 out of five star rating on TrustpilotRedirected reviewLearn more about review typesRedirectedAndroid Phone HealthMy Android Phone is being a little out of control begging me to get all anti vir...Ty Cannon,May 27', '5 out of five star rating on TrustpilotRedirected reviewLearn more about review typesRedirected', '5 out of five star rating on Trustpilot', '5 out of five star rating on Trustpilot', '5 out of five star rating on Trustpilot', '5 out of five star rating on Trustpilot', 'Redirected reviewLearn more about review typesRedirected', 'Redirected reviewLearn more about review typesRedirected', 'Redirected reviewLearn more about review typesRedirected', 'Redirected reviewLearn more about review types', '', '', 'Redirected reviewLearn more about review types', '', 'Redirected review', 'Learn more about review types', 'Redirected', 'Android Phone Health', 'My Android Phone is being a little out of control begging me to get all anti vir...', 'Ty Cannon,May 27', 'Ty Cannon,', 'May 27', '5 out of five star rating on TrustpilotTheir team is very professionalTheir team is very professional, responsive, and very easy to work with.  They a...Pawnee Leasing,May 7', '5 out of five star rating on Trustpilot', '5 out of five star rating on Trustpilot', '5 out of five star rating on Trustpilot', '5 out of five star rating on Trustpilot', '5 out of five star rating on Trustpilot', 'Their team is very professional', 'Their team is very professional, responsive, and very easy to work with.  They a...', 'Pawnee Leasing,May 7', 'Pawnee Leasing,', 'May 7', '5 out of five star rating on TrustpilotAmazingly unprofessionalBryan was amazingly responsive and fantastic to work with.  They dealt with my i...Dan Branthoover,April 30', '5 out of five star rating on Trustpilot', '5 out of five star rating on Trustpilot', '5 out of five star rating on Trustpilot', '5 out of five star rating on Trustpilot', '5 out of five star rating on Trustpilot', 'Amazingly unprofessional', 'Bryan was amazingly responsive and fantastic to work with.  They dealt with my i...', 'Dan Branthoover,April 30', 'Dan Branthoover,', 'April 30', '5 out of five star rating on TrustpilotExperience was great they did exactly…Experience was great they did exactly what they said they could in the time fram...AK,April 25', '5 out of five star rating on Trustpilot', '5 out of five star rating on Trustpilot', '5 out of five star rating on Trustpilot', '5 out of five star rating on Trustpilot', '5 out of five star rating on Trustpilot', 'Experience was great they did exactly…', 'Experience was great they did exactly what they said they could in the time fram...', 'AK,April 25', 'AK,', 'April 25', '5 out of five star rating on TrustpilotI felt I had no place to turn, then I found NetReputation - knights in shining armor.Attempts to discredit my career brought me to feel I had no where to go to comba...Joseph Olzacki,April 19', '5 out of five star rating on Trustpilot', '5 out of five star rating on Trustpilot', '5 out of five star rating on Trustpilot', '5 out of five star rating on Trustpilot', '5 out of five star rating on Trustpilot', 'I felt I had no place to turn, then I found NetReputation - knights in shining armor.', 'Attempts to discredit my career brought me to feel I had no where to go to comba...', 'Joseph Olzacki,April 19', 'Joseph Olzacki,', 'April 19', '5 out of five star rating on TrustpilotVerified reviewLearn more about review typesVerifiedA certain someone created fake web…A certain someone created fake web pages of me online and it’s been very hard to...David Bradley,January 31', '5 out of five star rating on TrustpilotVerified reviewLearn more about review typesVerified', '5 out of five star rating on Trustpilot', '5 out of five star rating on Trustpilot', '5 out of five star rating on Trustpilot', '5 out of five star rating on Trustpilot', 'Verified reviewLearn more about review typesVerified', 'Verified reviewLearn more about review typesVerified', 'Verified reviewLearn more about review typesVerified', 'Verified reviewLearn more about review types', '', '', 'Verified reviewLearn more about review types', '', 'Verified review', 'Learn more about review types', 'Verified', 'A certain someone created fake web…', 'A certain someone created fake web pages of me online and it’s been very hard to...', 'David Bradley,January 31', 'David Bradley,', 'January 31', '5 out of five star rating on TrustpilotVerified reviewLearn more about review typesVerifiedEasy to work withNetRep has been easy to work with and very helpful. They have given us great tip...Jesse Henderson,January 30', '5 out of five star rating on TrustpilotVerified reviewLearn more about review typesVerified', '5 out of five star rating on Trustpilot', '5 out of five star rating on Trustpilot', '5 out of five star rating on Trustpilot', '5 out of five star rating on Trustpilot', 'Verified reviewLearn more about review typesVerified', 'Verified reviewLearn more about review typesVerified', 'Verified reviewLearn more about review typesVerified', 'Verified reviewLearn more about review types', '', '', 'Verified reviewLearn more about review types', '', 'Verified review', 'Learn more about review types', 'Verified', 'Easy to work with', 'NetRep has been easy to work with and very helpful. They have given us great tip...', 'Jesse Henderson,January 30', 'Jesse Henderson,', 'January 30']"
10,Digital Marketing Agency | Thrive Internet Marketing Agency,https://thriveagency.com/,Results DrivenDIGITAL MARKETING AGENCY,Results Driven,Award winning digital marketing agency,"['Search Engine Optimization (SEO)', 'Website Design And Development', 'Social Media Marketing', 'Conversion Optimization', 'Amazon Marketing', 'Reputation Management', 'Video Production', 'Content Writing']",United States,Business And Consumer Services,701,"217,705","371,312",124.8K,5 mins 4 secs,47.44%,"['Through careful keywordresearch and white hat practices, we can help you achieve high rankings in the major search engines.', 'With millions of websites on the internet you want to be sure your website stands out, represents you well, and most importantly, helps your organization grow.', 'Social media marketing is a critical element in staying connected with your audience. Working independently of, or side-by-side with you, we help keep your social community engaged.', 'Through careful keywordresearch and white hat practices, we can help you achieve high rankings in the major search engines.', 'With millions of websites on the internet you want to be sure your website stands out, represents you well, and most importantly, helps your organization grow.', 'Social media marketing is a critical element in staying connected with your audience. Working independently of, or side-by-side with you, we help keep your social community engaged.', 'While SEO offers long-term growth, sometimes you need an immediate boost. Thrive’s PPC campaign ensures that the money you spend is put to the very best possible use.', 'There is no more powerful way to get your message across than through video. Engage your audience by telling your story and sharing your mission.', 'Our content writers know Search Engine Optimization and create great marketing copy, designed to be informative and compelling, pushing your business objectives.', 'Your reputation is everything. Our team of experts can help protect and enhance your reputation online for tangible, long-term results.', 'Turn more site visitors into customers! Our experts utilize the latest Conversion Optimization techniques to help increase the percentage of passive website visitors into active users.', 'Getting found on Amazon is not easy! Competition is fierce and thick. We’ll help your products get found in this massive marketplace.', 'Your reputation is everything. Our team of experts can help protect and enhance your reputation online for tangible, long-term results.', 'Turn more site visitors into customers! Our experts utilize the latest Conversion Optimization techniques to help increase the percentage of passive website visitors into active users.', 'Getting found on Amazon is not easy! Competition is fierce and thick. We’ll help your products get found in this massive marketplace.']",,"['Broker – About Roatan Real Estate', '“Thrive is a much needed blessing and exceeded our expectations in every way. They are honest, straightforward, they take care of ALL your needs quickly, they are reliable, you can count on them and most of all, they do everything they say they will do, no BS.”', 'Practice Manager – PARC Urology', '“These guys are incredible. They’ve helped us to grow our business and now the biggest problem we seem to come across is having too much business – which is the ideal problem to have. We are right where we wanted to be and Thrive made that possible. Thanks guys!”', 'CEO – Accurate Leak and Line', '“Working with the Thrive team has been a most pleasant experience! Their dedication and passion for what they do is exemplified by their unrivaled customer support and attentiveness to the specific needs of our business. We look forward to a long lasting and prosperous relationship!”']"
11,Reputation | Online Reputation Management for Business,https://reputation.com/,Transform All Feedback into Fuel for Growth within One Platform,Transform All Feedback into Fuel for Growth within One Platform,Platform Solutions That Power Key OutcomesHigher Search Presence. Increased Sales. Decreased Churn. Drive Repeat Business.,"['Surveys', 'Reviews and review booster', 'Business Listings', 'Messaging', 'Social Publishing', 'Social Listening', 'Location Pages']",United States,Business And Consumer Services,200,"14,248","44,960",1.5M,2 mins 53 secs,52.56%,"['Create, request, track, analyze, and operationalize feedback from our traditional, conversational and website surveys all from one platform.', 'Understand your brand’s perception by centrally\xa0monitoring, requesting, and responding to reviews while leveraging Review Booster to skyrocket review volume.', 'Our ticketing platform eliminates unresponsive customer communications with highly customizable automation, workflows, alerts, and goals within one centralized queue.', 'Ensure brand consistency across all locations while boosting in-store foot traffic, site visit, search rankings, and local SEO.', 'Convert leads from Facebook, Twitter, Google, and SMS by centrally viewing, responding to, and tracking all messages.', 'Optimize your landing pages for SEO and mobile with an interactive locator map and search widgets.', 'Instantly post, schedule, and respond across all your social\xa0channels.', 'Learn your brand perception with real-time alerts, sentiment analysis, and competitive benchmarking.']",,
12,Digital Performance Marketing Agency | Silverback Strategies,https://www.silverbackstrategies.com/,Growing is good. Evolving is better.,NULL,"Recognized by Ad Age and Inc. Magazine, Silverback’s workplace culture ranks among the best.","['Paid Media', 'SEO and Content', 'Strategy and Analytics']",United States,Business And Consumer Services,5639,"2,411,027","7,496,932",24.8K,15 secs,46.85%,,,
13,Unified Customer Experience,https://locobuzz.com/,ONE PLATFORM WITH ENDLESS CAPABILITIES,NULL,"A unified view of your brand, consumers, communications, performance, presence, appeal!","['Online Reputation Management', 'Complete Omnichannel Solution', 'Holistic Social Media Management', 'Conversational Commerce And Chatbots', 'Marketing Research And Insights', 'WhatsApp Business Services']",India,Finance,1021,"53,020","604,119",93.5K,3 mins 6 secs,46.46%,"[' Locobuzz brings immense business value to your Customer Experience Management process. ', ' OnlineReputationManagement ', ' Protect your brand equity across all prominent digital channels. Use advanced capabilities like sentiment analysis and specialised alert mechanisms to boost your online ratings. ', ' CompleteOmnichannelSolution ', ' Make communication and cross-channel customer assistance easy, effective and in real-time! Manage and measure your brand’s support performance entirely in a single view! ', ' HolisticSocial MediaManagement ', ' From content strategies to planning, publishing, analytics, and collaborations we give you powerful engagement workflows to redefine your brand’s social media presence. ', ' ConversationalCommerceand Chatbots ', ' Our AI chatbots digitize and automate self-service for customers in real-time. Generate leads and create opportunities for client retention, upselling, cross-selling and much more. ', ' MarketingResearchand Insights ', ' Make customer-focused, data-driven decisions faster than before by analysing user data in real-time. derive actionable insights, and identify important trends within your data sets. ', ' WhatsAppBusinessServices ', ' Make it easy for your teams to manage WhatsApp conversations with your customers. Also use smart bots to deliver contextual notifications upon purchase and service events. ']",,
14,Online Reputation Management Company,https://value4brand.com/,Online Reputation Management Company,NULL,Grow Your Business With End to End Online Reputation Management Solutions To Ensure The Incredible ROI.,"['Clean & Control First 3 Pages of Google', 'Removal / Suppression of Negative Content', 'Crisis Management', 'Listening and Monitoring', 'Google Autofills', 'Strategic PR']",India,Computers Electronics And Technology,3808,"259,632","3,710,483",17.3K,2 mins and 24 secs,23.91%,"['As a leading marketing agency in India, at Value4Brand, we offer high-quality digital marketing solutions to empower brands with an incredible boost in revenues, therefore, helping companies expand quickly, sustainably, and at a scalable level by executing and implementing results-oriented initiatives. Comprehensive solutions to challenging problems are our key to meeting the ever-evolving.', 'For beginners, Value4brand is the perfect destination to introduce the brand impactfully and build long-term relations with customers. The way a product is introduced is crucial, and if done effectively, it might take a business to new heights. An effective product launch strategy can assist build the brand while promoting the product and boosting sales and that is where we excel.', ""We create fostering trust in your brand among the larger audience and promote your brand’s optimistic image and online reputation. No matter what you're up against, our distinctive approach to online reputation management creates a favourable, long-lasting search profile. To tackle your immediate problem and protect your search results from potential dangers, our experts create a tailored approach for it."", ""Stop wishing and waiting for your company to become more well-known. We can assist you in managing your reviews and obtaining the outcomes you require. Our experienced professionals navigate all the major problems which your brand is facing and replicate all of them with effective and impactful digital marketing solutions like Increasing your company's visibility and building a solid reputation in the marketplace."", ""We run campaigns according to your business requirement. Businesses don't succeed because they develop new products in response to consumer demand but because they are able to convince consumers that they require their product. Creating a unique product is essential, but creating a distinctive marketing strategy surpasses it all. A brand's reputation can be made or broken by these initiatives."", 'Our Reputation consultants discover the strategies which help an organisation deal with the sudden reputation crisis that can avoid any potential risk or damage to brand reputation. We work quickly to help you rebuild your reputation, and regain the audience’s perception, loyalty and trust whether it be by removing unfavourable reviews, lowering complaints, or monitoring what people are saying about you online.']",,
15,Rhino Reviews - Review Generation and Reputation Management Services,https://rhino-reviews.com/,Grow your business with our review generation and reputation management services,,"We’re more than just a software. Rhino Reviews handles everything for you, providing the proactive results you need to strengthen your online reputation.","['Online Reputation Management', 'Employee Review Management', 'Social Media Management', 'Google My Business Acoount Management']",United States,NULL,NULL,"2,594,174","7,202,515",4.2K,26 secs,63.80%,,,"[' Locobuzz brings immense business value to your Customer Experience Management process. ', ' OnlineReputationManagement ', ' Protect your brand equity across all prominent digital channels. Use advanced capabilities like sentiment analysis and specialised alert mechanisms to boost your online ratings. ', ' CompleteOmnichannelSolution ', ' Make communication and cross-channel customer assistance easy, effective and in real-time! Manage and measure your brand’s support performance entirely in a single view! ', ' HolisticSocial MediaManagement ', ' From content strategies to planning, publishing, analytics, and collaborations we give you powerful engagement workflows to redefine your brand’s social media presence. ', ' ConversationalCommerceand Chatbots ', ' Our AI chatbots digitize and automate self-service for customers in real-time. Generate leads and create opportunities for client retention, upselling, cross-selling and much more. ', ' MarketingResearchand Insights ', ' Make customer-focused, data-driven decisions faster than before by analysing user data in real-time. derive actionable insights, and identify important trends within your data sets. ', ' WhatsAppBusinessServices ', ' Make it easy for your teams to manage WhatsApp conversations with your customers. Also use smart bots to deliver contextual notifications upon purchase and service events. ']"
16,Home Page - Neumann Paige,https://www.neumannpaige.com/?utm_source=clutch&utm_medium=referral&utm_campaign=rep-management,['Control Your Reputation Before Someone Else Does.'],NULL,Internet Reputation Specialists.,"['Experience & Expertise', 'Strategic Approach', 'Relationships', 'Free Reputation Diagnosis']",United States,NULL,NULL,"381,288","19,501,453",NULL,NULL,NULL,"[""Experience in this industry is critical, and we have a lot of it. We've grown along with the internet, and understand how Google and other search engines decipher your content."", ""We don't just throw content at the wall to see what sticks. We have a proven framework for successful suppression, which we strategically customize and implement for unique clients."", 'Our partnerships with high-authority, reputable partners will allow us to leverage your new and existing content better than our competitors, gaining more visibility and higher search rankings.', 'We want to have an open and honest conversation about your negative search results, and discover together the best strategy to restore your positive image.']",NULL,"['Great service, finally found a strategy that is working well. It took time but all of my expectations were met working with John and his team.', 'This saved me so much time and has help my company so much', 'Working with John at Neumann Paige was the best thing that could have happened in my situation. He clearly outlined not only what they would do for me, but also explained WHY. I would definitely recommend Neumann Paige to anyone struggling with bad search results.', 'Neumann Paige made a painful situation go away almost entirely, and we recovered our lost business. This industry can be difficult, but we were very happy with this service.', ""We learned the hard way that there is no quick fix to this type of reputation problem, but Neumann Paige recovered our efforts after we tried someone else that couldn't deliver on their promises. So glad we ended up where we did."", 'We saw a good rebound from some false reviews written by a disgruntled patient. Neumann Paige set us back on the right track.']"
17,Reputation Management | Reputation Management Services,https://www.reputationmanagementconsultants.com/,CONTROL YOUR REPUTATION FAST ARMED WITH THE POWER OF ADVANCED TECHNOLOGY,NULL,"['\nOur specialists in ORM use our advanced SearchKnight™ technology to rapidly repair your damaged reputation, inoculate your vulnerability, and grow your brand’s reputation even better than before.']","['Rapidly Repair Reputation Attacks', 'High Quality Content and High Ranking Media Connections', 'Breakthrough Technology\nplus Deep Monitoring']",United States,Business And Consumer Services,7937,"927,619","3,685,573",7.1K,34 secs,23.40%,"['\nRapidly Repair Reputation Attacks\nOur specialists in ORM use our advanced SearchKnight™ technology to rapidly repair your damaged reputation, inoculate your vulnerability, and grow your brand’s reputation even better than before.\nHigh Quality Content and High Ranking Media Connections\nOur connections run deep and wide with high-domain authority publications placing you at the top of search engines when anyone does a search on you or your business.\nOur journalist-driven high quality content is meticulously designed to position your brand at its best.\nBreakthrough Technology\nplus Deep Monitoring\nGroundbreaking SearchKnight™ Technology reveals a custom methodology based on data from 1000’s of successful campaigns to lead your specialists to effectively power the authority of positive assets to ensure your reputation is back in your control.', '\nRapidly Repair Reputation Attacks\nOur specialists in ORM use our advanced SearchKnight™ technology to rapidly repair your damaged reputation, inoculate your vulnerability, and grow your brand’s reputation even better than before.', '\nRapidly Repair Reputation Attacks\nOur specialists in ORM use our advanced SearchKnight™ technology to rapidly repair your damaged reputation, inoculate your vulnerability, and grow your brand’s reputation even better than before.', '\n', '\n', 'Rapidly Repair Reputation Attacks', 'Rapidly Repair Reputation Attacks', '\nOur specialists in ORM use our advanced SearchKnight™ technology to rapidly repair your damaged reputation, inoculate your vulnerability, and grow your brand’s reputation even better than before.', '\nOur specialists in ORM use our advanced SearchKnight™ technology to rapidly repair your damaged reputation, inoculate your vulnerability, and grow your brand’s reputation even better than before.', '\nHigh Quality Content and High Ranking Media Connections\nOur connections run deep and wide with high-domain authority publications placing you at the top of search engines when anyone does a search on you or your business.\nOur journalist-driven high quality content is meticulously designed to position your brand at its best.', '\nHigh Quality Content and High Ranking Media Connections\nOur connections run deep and wide with high-domain authority publications placing you at the top of search engines when anyone does a search on you or your business.\nOur journalist-driven high quality content is meticulously designed to position your brand at its best.', '\n', '\n', 'High Quality Content and High Ranking Media Connections', 'High Quality Content and High Ranking Media Connections', '\nOur connections run deep and wide with high-domain authority publications placing you at the top of search engines when anyone does a search on you or your business.', '\nOur connections run deep and wide with high-domain authority publications placing you at the top of search engines when anyone does a search on you or your business.', '\nOur journalist-driven high quality content is meticulously designed to position your brand at its best.', '\nOur journalist-driven high quality content is meticulously designed to position your brand at its best.', '\nBreakthrough Technology\nplus Deep Monitoring\nGroundbreaking SearchKnight™ Technology reveals a custom methodology based on data from 1000’s of successful campaigns to lead your specialists to effectively power the authority of positive assets to ensure your reputation is back in your control.', '\nBreakthrough Technology\nplus Deep Monitoring\nGroundbreaking SearchKnight™ Technology reveals a custom methodology based on data from 1000’s of successful campaigns to lead your specialists to effectively power the authority of positive assets to ensure your reputation is back in your control.', '\n', '\n', 'Breakthrough Technology\nplus Deep Monitoring', 'Breakthrough Technology\nplus Deep Monitoring', '\nGroundbreaking SearchKnight™ Technology reveals a custom methodology based on data from 1000’s of successful campaigns to lead your specialists to effectively power the authority of positive assets to ensure your reputation is back in your control.', '\nGroundbreaking SearchKnight™ Technology reveals a custom methodology based on data from 1000’s of successful campaigns to lead your specialists to effectively power the authority of positive assets to ensure your reputation is back in your control.']",NULL,"['\n“The difference you guys have made on our consumer review sites is night and day. We were in serious danger of shutting our doors as a result of these negative reviews, but turning to you at that time was clearly the right move.”\n\n– Simon C.,\n\n\nDirector of Marketing\n\n“Thank you for taking the time to explain your processes and to answer all of my questions and concerns in a thoughtful manner. We are extremely satisfied with your services.”\n\n– Jennifer L.,\n\n\nChief Marketing Officer\n\n“You’ve done a tremendous job with my firm’s online reputation. We’re receiving calls that are specifically mentioning the assets you created on our behalf. I wanted to let you know that I wouldn’t hesitate for a minute to refer you to anyone in need of your services.”\n\n– Robert B.,\n\n\nAttorney-at-Law\n', '\n“The difference you guys have made on our consumer review sites is night and day. We were in serious danger of shutting our doors as a result of these negative reviews, but turning to you at that time was clearly the right move.”\n\n– Simon C.,\n\n\nDirector of Marketing\n', '\n“The difference you guys have made on our consumer review sites is night and day. We were in serious danger of shutting our doors as a result of these negative reviews, but turning to you at that time was clearly the right move.”\n\n– Simon C.,\n\n\nDirector of Marketing\n', '\n“The difference you guys have made on our consumer review sites is night and day. We were in serious danger of shutting our doors as a result of these negative reviews, but turning to you at that time was clearly the right move.”', '\n“The difference you guys have made on our consumer review sites is night and day. We were in serious danger of shutting our doors as a result of these negative reviews, but turning to you at that time was clearly the right move.”', '\n\n– Simon C.,\n', '\n\n– Simon C.,\n', '\n\nDirector of Marketing\n', '\n\nDirector of Marketing\n', '\n“Thank you for taking the time to explain your processes and to answer all of my questions and concerns in a thoughtful manner. We are extremely satisfied with your services.”\n\n– Jennifer L.,\n\n\nChief Marketing Officer\n', '\n“Thank you for taking the time to explain your processes and to answer all of my questions and concerns in a thoughtful manner. We are extremely satisfied with your services.”\n\n– Jennifer L.,\n\n\nChief Marketing Officer\n', '\n“Thank you for taking the time to explain your processes and to answer all of my questions and concerns in a thoughtful manner. We are extremely satisfied with your services.”', '\n“Thank you for taking the time to explain your processes and to answer all of my questions and concerns in a thoughtful manner. We are extremely satisfied with your services.”', '\n\n– Jennifer L.,\n', '\n\n– Jennifer L.,\n', '\n\nChief Marketing Officer\n', '\n\nChief Marketing Officer\n', '\n“You’ve done a tremendous job with my firm’s online reputation. We’re receiving calls that are specifically mentioning the assets you created on our behalf. I wanted to let you know that I wouldn’t hesitate for a minute to refer you to anyone in need of your services.”\n\n– Robert B.,\n\n\nAttorney-at-Law\n', '\n“You’ve done a tremendous job with my firm’s online reputation. We’re receiving calls that are specifically mentioning the assets you created on our behalf. I wanted to let you know that I wouldn’t hesitate for a minute to refer you to anyone in need of your services.”\n\n– Robert B.,\n\n\nAttorney-at-Law\n', '\n“You’ve done a tremendous job with my firm’s online reputation. We’re receiving calls that are specifically mentioning the assets you created on our behalf. I wanted to let you know that I wouldn’t hesitate for a minute to refer you to anyone in need of your services.”', '\n“You’ve done a tremendous job with my firm’s online reputation. We’re receiving calls that are specifically mentioning the assets you created on our behalf. I wanted to let you know that I wouldn’t hesitate for a minute to refer you to anyone in need of your services.”', '\n\n– Robert B.,\n', '\n\n– Robert B.,\n', '\n\nAttorney-at-Law\n', '\n\nAttorney-at-Law\n', '\n“Signing on with RMC has been a wise investment, indeed. From when we first signed on 18 months ago, our sales have nearly doubled. You’ve made sure the positives about our company are not buried on page 3.”\n\n– Fred S.\n\n\nPresident and CEO\n\n“The difference your team has made on my inbound traffic after controlling the old two negatives links on my reputation cannot be overstated. Thank you VERY much!”\n\n– Gloria G.,\n\n\nSmall Business Owner\n\n“I wanted to let your team know how much I’ve appreciated their diligence and hard work on my reputation management campaign. I plan on continuing on for an additional year.”\n\n– Dr. Clifford C.,\n\n\nSurgeon\n', '\n“Signing on with RMC has been a wise investment, indeed. From when we first signed on 18 months ago, our sales have nearly doubled. You’ve made sure the positives about our company are not buried on page 3.”\n\n– Fred S.\n\n\nPresident and CEO\n', '\n“Signing on with RMC has been a wise investment, indeed. From when we first signed on 18 months ago, our sales have nearly doubled. You’ve made sure the positives about our company are not buried on page 3.”\n\n– Fred S.\n\n\nPresident and CEO\n', '\n“Signing on with RMC has been a wise investment, indeed. From when we first signed on 18 months ago, our sales have nearly doubled. You’ve made sure the positives about our company are not buried on page 3.”', '\n“Signing on with RMC has been a wise investment, indeed. From when we first signed on 18 months ago, our sales have nearly doubled. You’ve made sure the positives about our company are not buried on page 3.”', '\n\n– Fred S.\n', '\n\n– Fred S.\n', '\n\nPresident and CEO\n', '\n\nPresident and CEO\n', '\n“The difference your team has made on my inbound traffic after controlling the old two negatives links on my reputation cannot be overstated. Thank you VERY much!”\n\n– Gloria G.,\n\n\nSmall Business Owner\n', '\n“The difference your team has made on my inbound traffic after controlling the old two negatives links on my reputation cannot be overstated. Thank you VERY much!”\n\n– Gloria G.,\n\n\nSmall Business Owner\n', '\n“The difference your team has made on my inbound traffic after controlling the old two negatives links on my reputation cannot be overstated. Thank you VERY much!”', '\n“The difference your team has made on my inbound traffic after controlling the old two negatives links on my reputation cannot be overstated. Thank you VERY much!”', '\n\n– Gloria G.,\n', '\n\n– Gloria G.,\n', '\n\nSmall Business Owner\n', '\n\nSmall Business Owner\n', '\n“I wanted to let your team know how much I’ve appreciated their diligence and hard work on my reputation management campaign. I plan on continuing on for an additional year.”\n\n– Dr. Clifford C.,\n\n\nSurgeon\n', '\n“I wanted to let your team know how much I’ve appreciated their diligence and hard work on my reputation management campaign. I plan on continuing on for an additional year.”\n\n– Dr. Clifford C.,\n\n\nSurgeon\n', '\n“I wanted to let your team know how much I’ve appreciated their diligence and hard work on my reputation management campaign. I plan on continuing on for an additional year.”', '\n“I wanted to let your team know how much I’ve appreciated their diligence and hard work on my reputation management campaign. I plan on continuing on for an additional year.”', '\n\n– Dr. Clifford C.,\n', '\n\n– Dr. Clifford C.,\n', '\n\nSurgeon\n', '\n\nSurgeon\n', '\n“Everything was great and turned out how I wanted it to.”\n\n– Analyst,\n\n\nFinancial Firm\n\n“They achieved our desired results when two other firms could not deliver.”\n\n– Partner,\n\n\nFinancial Services Company\n\n“They’ve done so great; I give them an A+.”\n\n– Owner\n\n\nGallery\n', '\n“Everything was great and turned out how I wanted it to.”\n\n– Analyst,\n\n\nFinancial Firm\n', '\n“Everything was great and turned out how I wanted it to.”\n\n– Analyst,\n\n\nFinancial Firm\n', '\n“Everything was great and turned out how I wanted it to.”', '\n“Everything was great and turned out how I wanted it to.”', '\n\n– Analyst,\n', '\n\n– Analyst,\n', '\n\nFinancial Firm\n', '\n\nFinancial Firm\n', '\n“They achieved our desired results when two other firms could not deliver.”\n\n– Partner,\n\n\nFinancial Services Company\n', '\n“They achieved our desired results when two other firms could not deliver.”\n\n– Partner,\n\n\nFinancial Services Company\n', '\n“They achieved our desired results when two other firms could not deliver.”', '\n“They achieved our desired results when two other firms could not deliver.”', '\n\n– Partner,\n', '\n\n– Partner,\n', '\n\nFinancial Services Company\n', '\n\nFinancial Services Company\n', '\n“They’ve done so great; I give them an A+.”\n\n– Owner\n\n\nGallery\n', '\n“They’ve done so great; I give them an A+.”\n\n– Owner\n\n\nGallery\n', '\n“They’ve done so great; I give them an A+.”', '\n“They’ve done so great; I give them an A+.”', '\n\n– Owner\n', '\n\n– Owner\n', '\n\nGallery\n', '\n\nGallery\n', '\n“Reputation Management was very successful at achieving our goals, suppressing most of the negative articles and history of our business partner online while creating new, positive content that performed very well.”\n\n– Partner,\n\n\nBusiness\n\n“…I’m satisfied with their work and thrilled with their team.”\n\n– Co-Founder & Consultant,\n\n\nSafe Money Partners Inc\n\n“They delivered what they promised and I continue to see the results.”\n\n– Owner,\n\n\nPersonal Brand\n', '\n“Reputation Management was very successful at achieving our goals, suppressing most of the negative articles and history of our business partner online while creating new, positive content that performed very well.”\n\n– Partner,\n\n\nBusiness\n', '\n“Reputation Management was very successful at achieving our goals, suppressing most of the negative articles and history of our business partner online while creating new, positive content that performed very well.”\n\n– Partner,\n\n\nBusiness\n', '\n“Reputation Management was very successful at achieving our goals, suppressing most of the negative articles and history of our business partner online while creating new, positive content that performed very well.”', '\n“Reputation Management was very successful at achieving our goals, suppressing most of the negative articles and history of our business partner online while creating new, positive content that performed very well.”', '\n\n– Partner,\n', '\n\n– Partner,\n', '\n\nBusiness\n', '\n\nBusiness\n', '\n“…I’m satisfied with their work and thrilled with their team.”\n\n– Co-Founder & Consultant,\n\n\nSafe Money Partners Inc\n', '\n“…I’m satisfied with their work and thrilled with their team.”\n\n– Co-Founder & Consultant,\n\n\nSafe Money Partners Inc\n', '\n“…I’m satisfied with their work and thrilled with their team.”', '\n“…I’m satisfied with their work and thrilled with their team.”', '\n\n– Co-Founder & Consultant,\n', '\n\n– Co-Founder & Consultant,\n', '\n\nSafe Money Partners Inc\n', '\n\nSafe Money Partners Inc\n', '\n“They delivered what they promised and I continue to see the results.”\n\n– Owner,\n\n\nPersonal Brand\n', '\n“They delivered what they promised and I continue to see the results.”\n\n– Owner,\n\n\nPersonal Brand\n', '\n“They delivered what they promised and I continue to see the results.”', '\n“They delivered what they promised and I continue to see the results.”', '\n\n– Owner,\n', '\n\n– Owner,\n', '\n\nPersonal Brand\n', '\n\nPersonal Brand\n', '\n“They’re very knowledgeable and their approach works.”\n\n– CEO\n\n\nNonprofit\n\n“They are professionals and can absolutely meet all requirements.”\n\n– Founder,\n\n\nConsulting Company\n', '\n“They’re very knowledgeable and their approach works.”\n\n– CEO\n\n\nNonprofit\n', '\n“They’re very knowledgeable and their approach works.”\n\n– CEO\n\n\nNonprofit\n', '\n“They’re very knowledgeable and their approach works.”', '\n“They’re very knowledgeable and their approach works.”', '\n\n– CEO\n', '\n\n– CEO\n', '\n\nNonprofit\n', '\n\nNonprofit\n', '\n“They are professionals and can absolutely meet all requirements.”\n\n– Founder,\n\n\nConsulting Company\n', '\n“They are professionals and can absolutely meet all requirements.”\n\n– Founder,\n\n\nConsulting Company\n', '\n“They are professionals and can absolutely meet all requirements.”', '\n“They are professionals and can absolutely meet all requirements.”', '\n\n– Founder,\n', '\n\n– Founder,\n', '\n\nConsulting Company\n', '\n\nConsulting Company\n', '', '', '\nDisclaimer: These results may or may not be typical and your results may vary depending on your website and your industry.', '\nDisclaimer: These results may or may not be typical and your results may vary depending on your website and your industry.']"
18,Manage Your Online Reputation - Reputation Resolutions,https://reputationresolutions.com/,['#1 ONLINE REPUTATION MANAGEMENT SERVICE FOR Removing Negative Content Online - WE GUARANTEE It! '],NULL,['Business.com selected our company as the #1 firm for helping with negative content online!'],"['Negative/False Review Removal ', 'Negative News Article Removal', 'Court Record Link Removal', 'Negative & Defamatory Content Removal']",United States,Business And Consumer Services,17012,"2,681,896","7,041,912",27.7K,43 secs,65.25%,NULL,NULL,Null
19,Best Reputation Management & SEO Company NYC | SEO Image,https://seoimage.com/?utm_source=clutch.co&utm_medium=referral&utm_campaign=reputation-management,['Reputation Management & SEO Services'],Reputation Management & SEO Services,"['\xa0', 'Looking to explode your business? \xa0 Looking to renew or establish your online reputation?', ""SEO Image®, NYC's leading SEO Agency for over 21 years will supercharge your business and your corporate image! Our New York and Long Island Agencies have worked for over two decades under the trusted SEO Image brand. Trust your SEO & Online Reputation Management campaigns to a company that has passed the test of time and ranked hundreds of websites on the top of the search results and cleaned hundreds of online reputations for individuals and corporations. Proven Effective SEO - period."", '51 percent of all website traffic comes from organic search, 10 percent from paid search, 5 percent for social, and 34 percent from all other sources. -Search Engine Journal', 'Why trust your SEO services to anyone that does not have proven success with long-term relationships?', 'Why waste time finding a new SEO vendor every few months?', ""It's common knowledge that SEO takes time, clients that stay for at least one year, continue with us for an average of 4-10 years. Why? Simple... we get results and we help our clients and drive in traffic that converts to sales!"", "" Give Us A Try, We'll Give You Results!""]","['Search Engine Optimization', 'Reputation Management', 'Pay-Per-Click', 'Web Design']",United States,Business And Consumer Services,9642,"4,096,396","1,123,476",37.4K,1 min 29 secs,62.89%,"['Since 2002, SEO Image has been a leading agency for SEO Services. We are unmatched in technical SEO Audits, Honest Timelines & Getting Organic Search Results- Period!', 'When your reputation is at stake. We take the fear away. We have time-tested strategies that will rebuild your personal or corporate image. We Promote the Positive!', 'High End PPC Management for Google Ads. Our Certified professionals will get you conversions fast! Our knowledge of conversions makes us a game-changer!\n', ""Let SEO Image® design your website. We don't just offer SEO and Reputation Management, we can develop the look and feel of your website. Ask about our cohesive marketing plans.\n""]","[""\n\nJeffrey K.\nInsurance Source, CEO\n\n\n\n“The leads I have generated off my web site have been my life line and if it were not for my top Google ranking I don’t know what my company would have done…”\n\n\n\n\nLaura K.\nSotheby's Int'l Realty, VP\n\n\n\n“I was surprised we have been able to rank so well after 7 years. I didn’t expect this would continue…”\n\n\n\n\nStephan S.\nABS, Marketing\n\n\n\n\n“Looks like we’ve been making some great progress and are currently #4 overall for our main keyword. That’s fantastic!”\n\n\n\n\n\n\n"", '\nJeffrey K.\nInsurance Source, CEO\n\n\n\n“The leads I have generated off my web site have been my life line and if it were not for my top Google ranking I don’t know what my company would have done…”\n\n\n', '\n\n\n“The leads I have generated off my web site have been my life line and if it were not for my top Google ranking I don’t know what my company would have done…”\n\n', '\n“The leads I have generated off my web site have been my life line and if it were not for my top Google ranking I don’t know what my company would have done…”\n', '“The leads I have generated off my web site have been my life line and if it were not for my top Google ranking I don’t know what my company would have done…”', ""\nLaura K.\nSotheby's Int'l Realty, VP\n\n\n\n“I was surprised we have been able to rank so well after 7 years. I didn’t expect this would continue…”\n\n\n"", '\n\n\n“I was surprised we have been able to rank so well after 7 years. I didn’t expect this would continue…”\n\n', '\n“I was surprised we have been able to rank so well after 7 years. I didn’t expect this would continue…”\n', '“I was surprised we have been able to rank so well after 7 years. I didn’t expect this would continue…”', '\nStephan S.\nABS, Marketing\n\n\n\n\n“Looks like we’ve been making some great progress and are currently #4 overall for our main keyword. That’s fantastic!”\n\n\n\n', '\n\n\n\n“Looks like we’ve been making some great progress and are currently #4 overall for our main keyword. That’s fantastic!”\n\n\n', '\n\n“Looks like we’ve been making some great progress and are currently #4 overall for our main keyword. That’s fantastic!”\n\n', '\n“Looks like we’ve been making some great progress and are currently #4 overall for our main keyword. That’s fantastic!”\n', '“Looks like we’ve been making some great progress and are currently #4 overall for our main keyword. That’s fantastic!”', '']",NULL
20,Digital Marketing Agency - Go Fish Digital,https://gofishdigital.com/?utm_source=clutch.co&utm_medium=referral,['A Data-First\nDigital Agency'],NULL,"['From SEO to paid media, we’re a digital marketing agency that takes a data-first approach to drive our marketing strategies.']","['Search Engine\nOptimization', 'Digital PR', 'Content\nMarketing', 'Online Reputation\nManagement', 'Web Design &\nDevelopment', 'Paid Media\nAdvertising', 'Conversion Rate Optimization', 'Copywriting', 'Social Media Management', 'Branding & Design', 'Email Marketing ', 'See What Else We Can Do']",United States,Business And Consumer Services,2122,"772,387","1,415,619",54.3K,39 secs,65.79%,"['Optimize your website and content for search engines and beyond.', 'Create newsworthy content that will hook journalists and reel in great links.', 'Develop quality, SEO-friendly content that will further your marketing goals.', 'Control what appears about you online to build and protect your brand’s digital reputation.', 'Build your brand’s visual representation from the ground up.', 'Advertise your message to a wider audience so you can attract more customers.', 'Increase the visibility of your website and connect with people looking for what you offer.', 'Enhance your on-page copy to convey your message to your audience.', 'Reach a global audience through platforms like Facebook, Instagram, Twitter, and more.', 'Bring a new brand vision to life or reenergize your existing one.', 'Whether you are looking for a dedicated email marketing resource or a team of experts, we’ve got you covered.']",NULL,NULL
21,Online Review & Reputation Management Software,https://www.dashclicks.com/software/reputation,['Take Control of Your Online Reputation.'],Take Control of Your Online Reputation.,['Build a stellar online reputation and attract more customers by managing your online reviews and responding to feedback all in one place.'],"['Custom Response Templates', 'Auto Response Rules', 'Response Injections', 'Multi-Channel Support', 'Public Review Page', 'Analytics and Insights', 'Custom Response Templates', 'Auto Response Rules', 'Response Injections', 'Multi-Channel Support', 'Public Review Page', 'Analytics and Insights']",United States,Business And Consumer Services,351,"110,022","325,136",108.1K,17 mins 12 secs,26.29%,"['From boosting review volume to responding to customer feedback and gaining valuable insights, our features help you stay on top of your online reputation with ease.', 'Save time and respond to reviews quickly with our Custom Response Templates feature. Create personalized response templates and apply them to multiple reviews at once.', 'Set up automatic responses to reviews with our Auto Response Rules feature. Customize your responses based on review rating and other criteria.', 'Inject personalization into your review responses with our Response Injections feature. Customize your responses with variables such as customer name, review source, and more.', ""Manage reviews from all sources, including Google and Facebook, all in one place. Respond to feedback and boost your business's credibility across all channels."", 'Encourage your customers to leave reviews with our Public Review Page feature. Display your review platforms on and make it easy for customers to provide feedback.', ""Gain valuable insights into your online reputation and customer feedback with our Analytics and Insights feature. Monitor your review ratings, response times, and other metrics to improve your business's credibility."", 'Save time and respond to reviews quickly with our Custom Response Templates feature. Create personalized response templates and apply them to multiple reviews at once.', 'Set up automatic responses to reviews with our Auto Response Rules feature. Customize your responses based on review rating and other criteria.', 'Inject personalization into your review responses with our Response Injections feature. Customize your responses with variables such as customer name, review source, and more.', ""Manage reviews from all sources, including Google and Facebook, all in one place. Respond to feedback and boost your business's credibility across all channels."", 'Encourage your customers to leave reviews with our Public Review Page feature. Display your review platforms on and make it easy for customers to provide feedback.', ""Gain valuable insights into your online reputation and customer feedback with our Analytics and Insights feature. Monitor your review ratings, response times, and other metrics to improve your business's credibility.""]",NULL,"['Tim R.', 'Love the services I receive from DashClicks. Ease of use from the dashboard. I can easily see the work that is going on for my clients.', 'Finau F.', 'Dashclicks should your trusted partner! They genuinely care about the clients, go above and beyond and are extremely attentive and responsive. Keep up the good work guys.', 'Aaron J.', 'Great customer services, and amazing company.. the services that they provide have changed the game.. gotta love Dashclicks.. seriously guys just try it!', 'Julian L.', ""DashClicks has been the best investment we have made at our company. We are growing fast, able to fulfill orders without with slowdowns and it's all thanks to DashClicks."", 'Finn F.', 'Dashclicks is the way to go! Easy to onboard clients, great price point, and excellent support!', 'Sami S.', ""This has literally changed the way I do business. My business has increased since I started and I'm still learning. They are very professional and deliver an amazing project. Instasites has changed my life! Thank you!"", 'Allen W.', 'Incredible company and product! They have an instasite program that is unlike any thing I have seen. Simple to use and quick customer responses.', ""De'Ja E."", '5 stars! Dashclicks is simply amazing! They educate you and give you the tools necessary to scale your agency. I highly recommend!', 'Joe M.', 'Absolutely brilliant platform and a brilliant company. I have been super impressed with every aspect of my dealings with Dashclicks and have used their services to generate countless leads and businesses!', 'Nathaniel L.', ""Loving the platform! Everything's very easy to use. It's quick when getting started and can be very flexible."", 'Yanez R.', ""I've worked many different projects with dashclicks over all they are a great platform! If you are looking to grow with a company this is it right here."", 'Gavin T.', 'DashClicks is awesome. The interface and ease of use is extremely useful. Highly recommend.', 'Stephen d.', 'A++ definitely recommend! Brilliant platform and a brilliant company. I have been super impressed with every aspect of my dealings with Dashclicks and have used their services to generate countless leads!', 'Robert N.', 'This is one of the greatest innovations to appear on the digital marketing landscape in years!', 'Danny M.', ""Let's scale this baby up! \xa0I feel optimistic to be able to scale my agency significantly. It's robust but not complicated. Flexible."", 'Alec B.', 'I was fortunate enough to actually meet the team at the DashClicks Headquarters and they are some awesome people who do great work! I would definitely recommend them, you will not regret working with them!', 'Dean D', 'I love that everything is in one place and my clients can log in and check on there own accounts with a fully branded dashboard. Also DashClicks offer fulfilment so I am able to offer more to my clients as a startup than I would normally be able to! Leverage is key.']"
22,Online Reputation Management | The Reputation Experts | Igniyte,https://www.igniyte.com/,['Igniyte are the online reputation management experts.'],Igniyte are the online reputation management experts,"['We work globally, with companies, brands and individuals, to deliver positive and lasting online reputations.']",['Online reputation management'],United States,Business And Consumer Services,NULL,NULL,"4,915,376",13.8K,1 min 25 secs,NULL,"['Learn more about what online reputation management is, why it matters, the real influence and impact of search results online and the benefits of online reputation management for businesses, brands and individuals.']","['\nIgniyte exists because the online world is just not fair. We are passionate about people, businesses and brands being represented fairly online. Because the damage that can be done today spreads to everyone you know, your customers, stakeholders, investors, suppliers, employees, family, friends and your community. ']","['Niki Mistry talks in The Times on revenge porn case, Igniyte engaged by solicitors to support removal', 'Igniyte talk to The Economist on how companies spy on job candidates online', 'Igniyte speak to Mail Online about Prince Andrew and reputational damages to the royal family', 'Igniyte feature in PR outlet Prolific North as agency expands to North America', 'Igniyte talk to China Daily on the rising impact of fake reviews', 'How Old Social Posts Can Ruin Careers – Simon Wadsworth (Telegraph)', 'Igniyte expands Digital PR team with new team member – As featured in PR Week', 'Igniyte talks to Prolific North about working from home', 'Igniyte advises on national TV storyline', 'Simon Wadsworth talks to new online business magazine']"
23,Brand24 - #1 Social Listening Tool,https://brand24.com/,['Find critical mentions about your business and protect your reputation'],"NULL
NULL","['Use Brand24 - the online media monitoring tool to find, measure, and engage in online discussions important for your business.']","['Powerful analytics', 'Whitelabel PDF reports', 'Ease of use']",United States,Computers Electronics And Technology,11133,"133,644","112,150",523.9K,2 mins 38 secs,60.17%,"['Turn data into insights with unique analytics. Brand24 not only collects brand mentions. We analyze the reach, engagement, influence and emotions for social and non-social mentions alike. All to save your time.', 'Leverage our beautiful, customizable and automated reports. Create PDF reports with the most important data about your brand. You can also feed your mentions into a publicly available social widget to show your customers love.', ""Use our mobile app or desktop dashboard to access your mentions everywhere. We've been doing media monitoring for 10+ years and upgraded our tools frequently to make sure all of our customers can easy monitor their brand.""]",NULL,"[""\n\n\n\nI've been working with Brand24 since their beta version and I continue to recommend their platform without hesitation. Its sophisticated, yet easy-to-use tool allows you to discover what people are saying about your brand in real time.\n\n\n \n\n\t\t\t\t\t\t\t\tPatricia Cunningham\nAccount Manager in Barker NYC\n\n\n\n\n\n\n\nI've been using Brand24 for the last few years and it is by far the best monitoring tool on the market. I’ve compared it against others and they don’t even come close.\n\n\n \n\n\t\t\t\t\t\t\t\tSujan Patel\nFounder at MailShake, Growth Marketer & Entrepreneur\n\n\n\n\n\n\n\nI love the Brand24 tool. In addition to be able to see all mentions of my name and brand online, it also provides me the opportunity to get notifications on other brands and keywords I want to follow.\n\n\n \n\n\t\t\t\t\t\t\t\tMelonie Dodaro\nSocial Media Expert & CEO of Top Dog Social Media\n\n\n\n\n\n\n\nWe use Brand24 to find social alerts and new audiences to engage with our brand. Between 2-3 times a day, we make sure to check in on our SM mentions and see if there are any relevant conversations going on that we can join.\n\n\n \n\n\t\t\t\t\t\t\t\tMai Bar-chen\nCommunity & Social Media Manager at Tailor Brands\n\n\n\n\n\n\n"", ""\n\n\nI've been working with Brand24 since their beta version and I continue to recommend their platform without hesitation. Its sophisticated, yet easy-to-use tool allows you to discover what people are saying about your brand in real time.\n\n\n \n\n\t\t\t\t\t\t\t\tPatricia Cunningham\nAccount Manager in Barker NYC\n\n\n\n\n\n\n\nI've been using Brand24 for the last few years and it is by far the best monitoring tool on the market. I’ve compared it against others and they don’t even come close.\n\n\n \n\n\t\t\t\t\t\t\t\tSujan Patel\nFounder at MailShake, Growth Marketer & Entrepreneur\n\n\n\n\n\n\n\nI love the Brand24 tool. In addition to be able to see all mentions of my name and brand online, it also provides me the opportunity to get notifications on other brands and keywords I want to follow.\n\n\n \n\n\t\t\t\t\t\t\t\tMelonie Dodaro\nSocial Media Expert & CEO of Top Dog Social Media\n\n\n\n\n\n\n\nWe use Brand24 to find social alerts and new audiences to engage with our brand. Between 2-3 times a day, we make sure to check in on our SM mentions and see if there are any relevant conversations going on that we can join.\n\n\n \n\n\t\t\t\t\t\t\t\tMai Bar-chen\nCommunity & Social Media Manager at Tailor Brands\n\n\n\n\n\n"", ""\n\nI've been working with Brand24 since their beta version and I continue to recommend their platform without hesitation. Its sophisticated, yet easy-to-use tool allows you to discover what people are saying about your brand in real time.\n\n\n \n\n\t\t\t\t\t\t\t\tPatricia Cunningham\nAccount Manager in Barker NYC\n\n\n\n\n"", ""\nI've been working with Brand24 since their beta version and I continue to recommend their platform without hesitation. Its sophisticated, yet easy-to-use tool allows you to discover what people are saying about your brand in real time.\n\n\n \n\n\t\t\t\t\t\t\t\tPatricia Cunningham\nAccount Manager in Barker NYC\n\n\n\n"", ""I've been working with Brand24 since their beta version and I continue to recommend their platform without hesitation. Its sophisticated, yet easy-to-use tool allows you to discover what people are saying about your brand in real time."", '\n\n \n\n\t\t\t\t\t\t\t\tPatricia Cunningham\nAccount Manager in Barker NYC\n\n', '\n ', '\n\t\t\t\t\t\t\t\tPatricia Cunningham\nAccount Manager in Barker NYC\n', ""\n\nI've been using Brand24 for the last few years and it is by far the best monitoring tool on the market. I’ve compared it against others and they don’t even come close.\n\n\n \n\n\t\t\t\t\t\t\t\tSujan Patel\nFounder at MailShake, Growth Marketer & Entrepreneur\n\n\n\n\n"", ""\nI've been using Brand24 for the last few years and it is by far the best monitoring tool on the market. I’ve compared it against others and they don’t even come close.\n\n\n \n\n\t\t\t\t\t\t\t\tSujan Patel\nFounder at MailShake, Growth Marketer & Entrepreneur\n\n\n\n"", ""I've been using Brand24 for the last few years and it is by far the best monitoring tool on the market. I’ve compared it against others and they don’t even come close."", '\n\n \n\n\t\t\t\t\t\t\t\tSujan Patel\nFounder at MailShake, Growth Marketer & Entrepreneur\n\n', '\n ', '\n\t\t\t\t\t\t\t\tSujan Patel\nFounder at MailShake, Growth Marketer & Entrepreneur\n', '\n\nI love the Brand24 tool. In addition to be able to see all mentions of my name and brand online, it also provides me the opportunity to get notifications on other brands and keywords I want to follow.\n\n\n \n\n\t\t\t\t\t\t\t\tMelonie Dodaro\nSocial Media Expert & CEO of Top Dog Social Media\n\n\n\n\n', '\nI love the Brand24 tool. In addition to be able to see all mentions of my name and brand online, it also provides me the opportunity to get notifications on other brands and keywords I want to follow.\n\n\n \n\n\t\t\t\t\t\t\t\tMelonie Dodaro\nSocial Media Expert & CEO of Top Dog Social Media\n\n\n\n', 'I love the Brand24 tool. In addition to be able to see all mentions of my name and brand online, it also provides me the opportunity to get notifications on other brands and keywords I want to follow.', '\n\n \n\n\t\t\t\t\t\t\t\tMelonie Dodaro\nSocial Media Expert & CEO of Top Dog Social Media\n\n', '\n ', '\n\t\t\t\t\t\t\t\tMelonie Dodaro\nSocial Media Expert & CEO of Top Dog Social Media\n', '\n\nWe use Brand24 to find social alerts and new audiences to engage with our brand. Between 2-3 times a day, we make sure to check in on our SM mentions and see if there are any relevant conversations going on that we can join.\n\n\n \n\n\t\t\t\t\t\t\t\tMai Bar-chen\nCommunity & Social Media Manager at Tailor Brands\n\n\n\n\n', '\nWe use Brand24 to find social alerts and new audiences to engage with our brand. Between 2-3 times a day, we make sure to check in on our SM mentions and see if there are any relevant conversations going on that we can join.\n\n\n \n\n\t\t\t\t\t\t\t\tMai Bar-chen\nCommunity & Social Media Manager at Tailor Brands\n\n\n\n', 'We use Brand24 to find social alerts and new audiences to engage with our brand. Between 2-3 times a day, we make sure to check in on our SM mentions and see if there are any relevant conversations going on that we can join.', '\n\n \n\n\t\t\t\t\t\t\t\tMai Bar-chen\nCommunity & Social Media Manager at Tailor Brands\n\n', '\n ', '\n\t\t\t\t\t\t\t\tMai Bar-chen\nCommunity & Social Media Manager at Tailor Brands\n', '\n\n\n\n', '\n\n']"
24,BrandMentions | Upgrade the way you monitor your brand mentions & competitors,https://brandmentions.com/,"['Every Mention,  Counted *']","Every Mention, Counted star",['*We dig every corner of the internet to find all the relevant mentions about anyone or anything\n                '],"['Social Mention', 'Hashtag Tracker', 'Brand Tracker', 'Social Media Tracker']",India,Business And Consumer Services,364,"113,719","283,281",197.7K,1 min 28 secs,70.79%,"['Social Mention Real-time social mentions search & analysis', 'Hashtag Tracker Hashtag Tracking Tools to Monitor Hashtag Performance', 'Brand TrackerBrand Tracking Tools to Monitor Brand Performance', 'Social Media TrackerSocial Media Analytics Tools to Monitor Your Brand and Competitors']",NULL,"[['BrandMentions has become an indispensable tool for measuring the success of our marketing campaigns. We work hard to build awareness of our brand online, and no other tool we’ve tested finds as many relevant mentions as BrandMentions. We highly recommend it!\nMark Traphagen, Senior Director of Brand Evangelism at Stone Temple\n'], ['I find Brand Mentions to be faster than Google at discovering new brand mentions. This is extremely valuable as we report the success of our activity sooner than ever before. It found links that other tools, including even Google, didn’t discover until weeks later.']]"
25,Online Reputation Management Company | Reputation.ca™ | Canada,https://www.reputation.ca/?utm_source=clutch.co&utm_medium=referral&utm_campaign=pr-firms-reputation-management,['It’s Time To Fix Your Online Reputation'],NULL,"['Utilizing the best search engine optimization practices we offer suppression, deletion and monitoring services to clients worldwide.']","['Suppression and Content Generation', 'Removing Negative Online Content', 'Reviews Monitoring and Management', 'Social Media Management', 'Brand Monitoring', 'Reputation Maintenance']",India,Business And Consumer Services,1534,"505,686","718,995",93.1K,1 min 16 secs, ,NULL,NULL,NULL
26,Home - Orange County Digital Marketing Services Since 1999 - Internetzone I,https://www.internetzonei.com/,['\n\t\t\tAdvancing Your Online Business To The Next Level Our Reputation Management Services and Digital Marketing Services are Custom Tailored For Amazing Results\n'],"NULL
			Advancing Your Online Business To The Next Level Our Reputation Management Services and Digital Marketing Services are Custom Tailored For Amazing Results
",NULL,"['SEO Services – National & Local', 'Web Design Services', 'eCommerce Services', 'Reputation Management Services', 'Adwords-Certified PPC Services', 'Managed Web Services']",NULL,NULL,NULL,NULL,"11,922,805",10.8K,2 min 43 secs,NULL,"['Having ranked websites since our founding in 1999, Internetzone I, Inc. takes pride in providing quality SEO services. Our technical skill is unmatched – but our marketing backgrounds is what set us apart from other SEO companies. Claim your free analysis today to see how we can help.', 'Internetzone I, Inc. understands how websites have shifted over the years. It is now more impotant than ever to have a seamless design with mobile responsivity. Our sites are built with SEO in mind, with faster load times to bring you more customers.', 'eCommerce continues to be one of the most active areas of growth in the internet — and Internetzone I, Inc. has the tecnical skills to help you sell more product.eCommerce sites and carts built with SEO, stability, and sustainability in mind.', 'SEO companies love to say they do “Reputation Management”, but do not accomplish the primary goal — to clean page 1 of negative material. Internetzone I, Inc. boasts some of the most knowledgable and reputable Reputiation Management experts in the industry, who don’t stop until your online reputation is clean.', 'Our Adwords certified managers will help maximize visibility and conversions on Google, Facebook, Instagram, and other advertising platforms.', 'WordPress telling you to update your site again? Our managed web services have you covered – protecting your site, keeping it updated, and most importantly, keeping it running strong. Sit back, relax, and let us manage your site for you.']","['Let the experts help you build a site that will increase traffic and conversions. Being in this business since 1999, we understand that most of our clients want a quote right away and want their services completed right away. With an instant results world it is easy to confuse this into building your online brand to be something that grows and increases yearly.', 'Our goal is to identify your business niche, what will work best for you for Web design and or SEO/SEM. By contacting us directly or filling out our Quote Forms, this gives us the opportunity to really see what it will take to provide you with what you really need. Not every business requires the same type of SEO, or the same type of design or code.']",NULL
27,Online Reputation Management Services – Remove Reports,https://removereports.com/,['Online Reputation Management Services'],Online Reputation Management Services,NULL,"['', 'Negative Content Removal', '', '', 'Online Reputation Control', '', '', 'Online Reputation Surveillance ', '', '', 'Crisis Management Services', '']",United States,NULL,NULL,"3,691,742","11,018,770",3.6K,20 secs,18.38%,"['Discover, Identify and eliminate an offensive article at bay.', 'Control an online search results with the reputation management campaign. ', 'Protect your name, business and brand against online negative attacks. ', 'Once a crisis has struck, neutralizing an attack is a mission critical task.']",NULL,"['I retained Martin and his staff after finding some negative information posted by a spiteful ex girlfriend on some of these revenge sites. I contacted a number of companies, but Martin was upfront and responsive. He put together a work plan to remove this information and guaranteed his work. Within 24 hours, I began to see some of these posts being removed. Within 3 days they were all resolved! He kept in contact the entire time and provided updates and status. He does not request payment until the issues are resolved and posts removed. Martin was very fair to work with and experienced in these areas. I would absolutely recommend him to anyone else that has had their reputation damaged by ""anonymous"" people looking to harm others. It was refreshing to know Martin was working on these things.']"
